{"class_0": [[0.008466170856691768, 0.8500782042201761], [-0.08865487720112064, 0.7403050179072155], [0.3640810630433986, -0.00982047879420464], [-0.11723927062020811, 0.25064227296010433], [-0.13332916028335262, 0.8594131881359093], [-0.4007281326292791, -0.029234343620851658], [0.3375011982402536, 0.7704225649629273], [0.4394450861124404, 0.1562421695068628], [-0.7045634791749933, 0.8255345977884636], [0.4179369356053082, 0.5015302795089085], [0.8855814853569288, 0.15579166209668424], [-0.6211615632152707, 0.7914784411300486], [-0.6827201682746555, 0.3133951667853174], [0.2824670961781732, 0.7240584766148104], [-0.12046063959600217, -0.018592600663404638], [0.3376211493738539, 0.9032376330086999], [0.9375868834869845, 0.5578048074913058], [-0.04195052803687638, 0.29940114063319756], [0.7140626930709639, 0.3012688189192051], [-0.11301703211569936, 0.4763887098451004], [-0.9249818540584425, 0.772406340833501], [-0.6218353216299615, 0.8903255578247256], [-0.08546606186964434, 0.3744460673324369], [-0.5275285988283713, 0.976900417424493], [0.47226441381641315, -0.05217328770079262], [-0.9109193392189352, 0.1109189976450741], [0.6850469823032701, 0.6785675834808677], [0.19492660981494625, 0.23636609322564675], [-0.31472230233620535, 0.6333104838354165], [0.03117336750778943, 0.3214089335383691], [0.3753867993665043, 0.5800401196276238], [-0.7747985905826478, 0.8900472533265178], [0.46921570197452134, 0.24081944389623175], [0.37521101239612276, 0.6419824378133235], [0.2854041979879387, 0.8379186946022578], [-0.4263608851540346, 0.7028567849635103], [0.8198744364016168, 0.47772283457265385], [-0.7573589076679543, 0.7959348000292235], [0.6905888678153496, 0.9698742077020616], [-0.1746957053413467, 0.5406806914956396]], "class_1": [[0.04189338486700778, 0.07756841059383257], [0.4033491738370274, -0.4033404763779904], [0.04307772885010164, -0.6312219460645156], [-0.9073614952741196, -0.7826448388212737], [-0.33666429848209156, -0.9052228028217186], [-0.9467273160707397, -0.0823590538862794], [-0.3360174666165261, -0.35661484554877654], [-0.06075327438645006, -0.10861393901353977], [0.4290123473955605, 0.06153171808178448], [-0.5545505098547061, -0.13639160311471743], [0.05479308016560558, -0.33484947582268], [0.9611351400818642, -0.3353414497164482], [0.694318781993545, -0.4448778372467378], [-0.931213860822365, -0.8797641993031298], [-0.7964448057081839, -0.8140424033455247], [-0.8093635142271967, 0.07613266886086367], [0.7211793652912031, -0.1838523844728972], [-0.7678305636191753, -0.362007595517583], [-0.16123122187292838, -0.21301179675137316], [0.8466138235981762, -0.5939926697869902], [-0.19598399970209446, -0.02541675226624962], [0.27410127349535296, -0.8628708040877872], [0.013914350611347714, -0.9743872896396292], [0.6098778928408115, 0.12177518633806916], [0.5195948122431953, -0.8960826385788228], [-0.9979704295042982, -0.6859329449275335], [-0.7160118585851407, -0.7782614194931804], [-0.5597297612682688, -0.4236920740826332], [0.6100796543308376, -0.2567471547722908], [0.35537382483732105, -0.4097038620582234], [0.32093978838052584, 0.16061011780127], [0.6077258777678483, 0.1820899099137525], [0.7161673146935792, -0.5110610614029321], [0.3798240461903397, -0.7898784099026345], [-0.3501247849791589, 0.047748498688032104], [-0.4468062898894283, 0.1117295928683475], [0.26433607599597697, -0.6658917845919219], [0.0713486367626115, -0.4692608223795799], [0.19182114528887917, -0.737899315190429], [0.1152272848262832, 0.19301772559838848]]}