{"class_0": [[0.724071750269358, 0.4267746115252942], [0.6221147242245981, 0.6362248170880842], [0.30171156714159053, 0.9565071329998787], [-0.016257479476955772, 0.33770418022993276], [0.03939158748544147, 1.0], [0.9106244178527025, 0.10494267163468984], [0.24650462228670972, 0.28148573016978456], [1.0, 0.42870049398726695], [0.8925316262073326, 0.7916246645035195], [0.6713471863580296, 0.7840631447406595], [0.3844209174825941, 0.34929600819946216], [0.9381086031995161, 0.28609067346074835], [0.37630248446196013, -0.2677488814558432], [-0.011406836797923647, 0.22372871099371994], [0.5070614290808633, 0.7383785800954675], [-0.40823756606346007, 0.6264360856930791], [0.3881111269614396, 0.11154816568616421], [0.42821380837489853, -0.0023377997838546216], [0.7128921982832281, 0.12831043104360546], [1.0, 0.6372060799566911], [-0.9630924943672723, -0.4035153534204101], [-0.2547293950813444, -0.29655299388799183], [-0.5450345027577599, -0.18823934073573761], [-0.34407380714659364, -0.7161794599854249], [-0.49364736401299814, -0.43192742428983677], [-0.18755095441081648, -0.5246092308878972], [-0.5103858829370553, -0.2579831957763613], [-0.45315253171309766, -0.6999534731084056], [-0.7443718345721656, -0.02501509129050339], [-0.7439607235894713, -0.9807415701562755], [-0.42390313633478527, 0.08695842851880209], [-0.8254977607478131, -0.7778598837325537], [-0.7504150381379453, 0.11739326420222607], [-0.22309653955431952, -0.6109868298585757], [-0.9094221418437585, -0.17780949195059637], [-1.0, 0.18802079221513257], [-1.0, -0.39974202174129336], [-0.07107788790275338, -0.38038315171695036], [-0.4669155759246778, -0.8479286749042709], [-0.6022924689739365, -0.49244409742601103]], "class_1": [[0.7203540280511821, -0.5396209279586158], [0.45859825235341783, -0.31302513386604053], [0.3858091945695025, -1.0], [0.8894949250701427, -0.5639933049582883], [0.39138124455446566, -0.18293134643266812], [0.07721460496655402, -0.9251457158399465], [0.4314373787223288, -0.46599171704968856], [0.7146302843299172, -0.8624961489548343], [0.34133130069830897, -0.40052248534737495], [0.3133831379494114, -0.0721721610576051], [0.40531018472129215, -0.5961416891892806], [-0.09927664362174449, -0.6940516038123065], [0.6594514933912373, -0.8263275653037616], [0.29106707523551817, -0.3112358879339553], [0.5731937479583956, -0.6857694271771109], [0.3372671453113742, -0.6832767830977944], [0.11835997682039823, -0.08429358059957293], [0.39745681220473145, -0.5667433655432842], [1.0, -0.6400781552491294], [0.2883664382232153, -1.0], [-0.542290032153907, 0.5996234025165772], [-0.4207276795788748, 0.6138319962579291], [-0.40191303049731547, 0.23054425182099458], [-0.1493824366309668, 0.3677993768847605], [-0.386381591659401, -0.2945549756002065], [-0.6459320459207002, 0.8993908670190485], [-0.9451218010529601, 0.26196759336845676], [-0.5316948019426685, 0.5307979759230623], [-0.9937524379275811, 0.2436914128140789], [-0.10227260763748919, 0.2064408356364923], [-0.4801925999195073, 0.6187200996191362], [-0.6504400869660794, -0.13053018639532543], [0.05986581480965025, 0.7165967461457874], [-0.7418830583526662, 0.26442713279836644], [-0.7766907123879041, 0.034984398265237415], [-0.8561280328281957, 0.29473885808396816], [-0.08759711019881816, 0.37456033100752595], [-0.42061857315854767, 0.5712868380496462], [-0.35029864881532313, 0.37527199199458705], [-0.08570548098124542, 0.6199542203006004]]}