{"class_0": [[-0.05334177208188809, 0.5945972350173666], [-0.08997536715062318, 0.36244562575629], [-0.1591974364023577, -0.02589110950867554], [-0.06440731234625277, 0.16598351760025842], [0.8130563165023728, 0.3849421164099236], [0.9188228889925764, 0.2824241808107199], [0.16860026799380368, 0.5992218893851462], [-0.26409198427246106, 0.4464402880793825], [-0.1356374329965405, 0.07645170500540008], [-0.1250303836089457, -0.5293210241655417], [0.48356854466734467, -0.06640901526260534], [0.10194488788266377, 0.23778334224586475], [-0.10079091952468977, 0.3628585119264217], [0.49675892204438654, 0.13824981406091055], [0.04480548753502329, 0.2809542536113333], [0.4868515806902848, 0.8592859641875856], [0.2707185088626, 0.7125197335249827], [0.25277630270059126, -0.26957337587595565], [-0.2105529197421042, 0.2555939923346874], [0.02521572060507242, -0.1823421589931981], [0.09690233286269398, 0.6256275976109797], [0.27999935455822933, 0.5192654193733485], [0.9759661183201473, 0.4527741670779285], [0.03657283907830487, 0.19303705487549977], [0.005801013453118051, -0.2521724616948138], [0.18215909321229024, -0.014407138293343419], [0.06077730290259308, 0.47189631147896793], [0.26894274494809606, 0.22407768849636803], [0.030354555471742303, 0.25083151673808574], [0.2829382919609622, 0.09818579362096301], [0.35400312758007535, 0.037114152270649375], [0.24824498210095236, 0.2403992807029695], [-0.43381449242016246, -0.06258537259878971], [-0.08982074208532045, 0.4054805159921036], [0.11656733102010178, 0.3925809860970474], [0.8127991570849064, 0.17479051192589795], [0.03158860313495951, 0.31798128835784506], [0.17513532950503158, 0.9132513645586213], [-0.050052895469878456, 0.8528324550324413], [-0.30838340635392736, 0.35460335003346916]], "class_1": [[0.18394850497935836, 0.9061572321970046], [0.2767889167204368, 0.5958186562145591], [0.360783364185493, -1.0], [0.360115539374518, 0.45722909190301425], [1.0, -0.46019863329092064], [-1.0, -0.070147006197647], [-0.35729560032682084, -0.7083572575820204], [-0.8592692659121407, 0.06259833568800302], [-0.5658199667043413, 0.03621907455650716], [-0.6040882778528275, 0.6579353842462239], [-0.15776883103671882, -0.3905965216113999], [-0.4204764027325626, 0.4436816115147386], [0.5109979791790347, 0.11866623773589642], [-1.0, -0.4741965389903912], [0.24298478614393773, 1.0], [0.422486945825477, -0.8041987374279694], [0.7733575373069173, -0.7850645019124458], [-0.7471961231351786, -0.4781714849691053], [-0.3371895371911722, -0.7842881717535499], [-0.22059617277221982, -1.0], [-0.26806096884874697, 0.46079495711551305], [-0.10376442507719887, 0.5522151384280858], [0.5297114003462026, -0.8342785168185636], [-0.8335118380626311, -0.0662953600699758], [-0.08624237328490847, 0.43590962369474656], [-0.6763194954277734, -0.338138507317025], [-0.3614587694546274, 0.24132317798055591], [0.6267788599471179, 0.6434350941633634], [-0.46431892499657257, -0.23383551210325867], [0.4030489396150372, 0.21071260428800662], [0.6994316864895982, -0.7581855661924319], [0.08470307833117871, -1.0], [-0.7145853435094035, 0.2115974198976186], [-0.8071841486930531, -0.5794907824208988], [0.24112059979200998, 0.3838974188434373], [0.7223959949985271, -0.32088156333030093], [-0.33226652068351586, -0.4519179501116534], [-0.9915541737469729, -0.05809794337656171], [0.621570863068035, 0.966464952222912], [0.0221957762040584, 0.005807103196171856]]}