{"class_0": [[0.4628268680063603, 0.8234588565512833], [0.8052622912772887, 0.6880082462076029], [-0.6184747361245371, 0.44994914959829657], [-0.35874104030900744, 0.7771943664654455], [-0.6906538967462383, 0.21281774440208762], [0.5343547604944239, 0.5467888429893906], [0.90086235008569, 0.41373100183605316], [0.09871939392922968, 0.3896561267577684], [0.6833709555222893, 0.7293933924513893], [0.2744454992673626, 0.8891336715605749], [-0.7390335562098089, 0.8748957443830532], [-0.8315716720804815, 0.36126914808640037], [0.7135087816282462, 0.2166268226221491], [-0.2780388209370017, 0.29841485262183937], [-0.8524911043433698, 0.98290583959321], [0.6339728103692586, 0.6453757582235946], [-0.5659000863349664, 0.25206352797290493], [0.03435930245712049, 0.682046326376146], [-0.9664619562774885, 0.5713517204031033], [0.5149201500074163, 0.3909424663704316], [0.9379096108705411, 0.9984654580368821], [0.8309404356491616, 0.9964189394191563], [0.8293757612236925, 0.36044123751710605], [-0.5260044118590872, 0.9371469630891602], [0.08752319274522669, 0.3156660798747852], [0.23241044820360246, 0.8714300199978882], [-0.3727169083648223, 0.278407880174312], [0.2479791725008944, 0.8188951599337229], [-0.9525188331432268, 0.45216334705365224], [-0.5350488142280452, 0.6924597645826776], [0.24070997318286058, 0.6539418532667711], [-0.9518854467885915, 0.4949826534218521], [0.5754195564022708, 0.8086650713277408], [0.8989459272868112, 0.7941032600340248], [0.6047734056388159, 0.8379306410666727], [0.2477562868272809, 0.6941168675294588], [-0.34665408907022655, 0.41616275713139345], [0.0040951907281823186, 0.9472749334116901], [0.6016373515361888, 0.6649737587019378], [-0.7750704936599933, 0.2049555688154203]], "class_1": [[-0.44406408444734735, -0.4650881054540458], [0.6101017038450147, -0.10582767722848208], [0.6748291585687656, -0.7750421175709052], [0.4949323218083215, -0.5337161009695395], [-0.41925384492017304, -0.6319615136027181], [0.662631123937407, -0.4877560290856453], [0.4719164519541632, -0.8620745178839049], [-0.6180117671842686, -0.7954009868786719], [-0.09204763633880653, -0.4654430511313331], [-0.06463319616229923, -0.5083086147186389], [-0.1398106330353699, -0.7211615833158005], [-0.3114975705790377, -0.833388180199129], [-0.8332619162067496, -0.2079083003895137], [-0.7021496125361801, -0.7687039712423629], [0.5176448989704696, -0.19873829210935656], [0.47519127318291843, -0.6439554934154674], [0.8656435484181797, -0.8230547076891094], [0.32949669473539855, -0.21801924723393895], [-0.9370058911418282, -0.7937723233666742], [-0.014257613547540293, -0.7793211533707821], [0.926633825927238, -0.19379207241304408], [-0.9218575502927533, -0.814295373638727], [-0.05419580035254956, -0.6955492247830439], [-0.07432877358480039, -0.4092955762000381], [-0.1154202152084629, -0.5316595594584714], [-0.47387911031652763, -0.5070925029103008], [0.044019763177243876, -0.3535979673617423], [-0.25952517552759513, -0.859448704887825], [-0.39540396553015356, -0.8276574134967762], [0.7091757020721656, -0.2272352356802807], [0.21375652018006241, -0.897951333286485], [-0.07830189008885524, -0.3606122823647977], [-0.1699570446687353, -0.1502381297055857], [0.5052858105552158, -0.37524710877605194], [-0.7428382052649263, -0.4477374014866856], [0.819915499435032, -0.8578715385584956], [-0.6425679132794528, -0.14366138071147694], [0.18696145226128946, -0.40472025815723356], [0.668839607246184, -0.8082657163155094], [-0.3349616597839913, -0.14638395610033728]]}