{"class_0": [[-0.5458056939116571, 0.19230817396899724], [0.0397077961500259, 0.6311744564630642], [-0.8073588939141968, 0.5301519625245021], [0.7525322275452209, -0.4842381567448737], [0.8638732289913856, 0.7818081493587897], [0.7320802334961238, 1.0], [0.23598495806284975, 0.8289058219996668], [-0.13570974602260233, -0.3881159689194854], [0.08482763823167405, 0.17904594484436903], [-0.2008702738419701, 0.5976780263974653], [0.2057973814127467, 0.3847492904864812], [0.7809673638275335, 1.0], [0.20857128984556567, -0.024041265836874326], [0.1404526447183994, -0.7782248884169592], [0.2611224204231016, 1.0], [0.651654924686746, 0.5894475902124544], [0.9701585346503181, 0.08824741434690686], [0.1915160063746216, 1.0], [0.20943607421130703, 0.4563704635665963], [-0.15954373378845488, 0.6463013471971693], [-0.3665093735248224, 0.2486412704194676], [1.0, 0.69857531052904], [0.10741323975232353, 0.6027555493565618], [0.33821266437591024, 0.6420634158084779], [-0.1927469612945898, 0.2241884525067711], [0.9488251626471551, -0.251712973337785], [-0.3617734041193281, 0.6298363646818228], [0.8009199956102319, 0.055027875504000845], [0.5285355306398158, 0.5348619273042076], [0.5454781185879469, 1.0], [0.4073219258366887, 0.3834796951665199], [0.6778470736546318, 0.8367066622671492], [0.9215133966960605, 0.9547020999299581], [0.6811044156508385, 0.6891480097199674], [0.23854665594565624, -0.2691592675249631], [0.15578665559982185, 0.15191269787107295], [1.0, -0.3756922986746787], [0.4880677877280826, 0.04576181482020564], [-0.2999410482615351, -0.21343192576654368], [0.8124201924322217, -0.34532259789263364]], "class_1": [[0.4599252058930719, -0.8309383129358032], [-0.18072843198770133, -1.0], [0.4521497843982583, -0.08764518368500179], [-0.12143367480564216, 0.2618801501208001], [-0.8184675407334876, -0.1294916148832742], [0.4151189330065807, -0.08448318627098844], [0.2579603918672089, -0.13579392892183612], [0.011673438998770325, -0.22416384860557914], [-0.6269600978179927, -1.0], [-0.8613155128764876, -0.8721770599596077], [-0.48676788346440836, -0.3897761584254929], [-1.0, -0.6664299227552755], [0.007050549432450592, -0.35968297613020217], [0.3301622208870894, -0.9682485473989751], [-0.8187168029133096, -0.35342690324020637], [-1.0, -0.7505414839421016], [-1.0, -0.07461152706133967], [-0.16338660837342664, -0.2829958507255298], [0.03527944897402363, -0.9940438185868992], [0.17224372169428703, -0.7278506696659954], [-0.4743913809067357, 0.5652472568915403], [-0.7593329771025508, -0.2001084811697858], [-0.7532985156841385, -0.24607333375732082], [0.28987359541263863, -0.8703052536977214], [0.702693471595961, -0.366298132096539], [-0.5446900630723273, -0.6656771592021834], [-1.0, -0.1456868919146938], [-0.5539932469310627, 0.30548866451809564], [0.21430693673119033, 0.5088281495604516], [-0.4067254232075198, -0.3718393842488332], [-0.718253817281511, -0.4854114450965648], [-0.8346498392138533, 0.12083700731500002], [-0.5879563506024661, -0.7936595665146026], [-0.4633996206521803, -0.5136040038597574], [0.14899010890438985, 0.08038243767626085], [-0.904747206694078, -1.0], [-0.4243499591963016, -0.9894134125738097], [-0.40521950559993336, -0.29603385008541827], [-0.8305384008787133, -1.0], [0.34891969841570086, -0.5748696648628614]]}